,RSI,KD,MA,MACD,Strength,Trend
0,0,1,-1,1,1,0
1,0,1,2,1,1,3
2,0,1,1,1,1,2
3,2,1,1,-2,3,-1
4,0,1,1,-1,1,0
5,0,1,-2,-1,1,-3
6,1,1,2,-1,2,1
7,1,1,1,-1,2,0
8,1,1,1,-1,2,0
9,0,-2,1,-1,-2,0
10,1,-1,1,-1,0,0
11,2,-1,1,-1,1,0
12,0,-1,-2,-1,-1,-3
13,0,-1,2,-1,-1,1
14,0,-1,1,-1,-1,0
15,0,2,1,-1,2,0
16,0,1,1,-1,1,0
17,0,1,1,-1,1,0
18,0,-2,-2,-1,-2,-3
19,0,-1,-1,-1,-1,-2
20,0,-1,2,-1,-1,1
21,0,2,1,-1,2,0
22,0,1,1,-1,1,0
23,0,1,1,-1,1,0
24,2,1,1,-1,3,0
25,2,1,1,-1,3,0
26,0,-2,-2,-1,-2,-3
27,0,-1,-1,-1,-1,-2
28,0,-1,-1,-1,-1,-2
29,0,-1,2,-1,-1,1
30,0,-1,1,-1,-1,0
31,0,-1,1,-1,-1,0
32,2,-1,1,-1,1,0
33,2,2,1,-1,4,0
34,0,1,-2,-1,1,-3
35,0,1,2,2,1,4
36,0,1,1,1,1,2
37,0,1,1,1,1,2
38,0,1,1,1,1,2
39,1,-2,1,1,-1,2
40,2,-1,1,1,1,2
41,2,-1,1,1,1,2
42,0,-1,-2,1,-1,-1
43,0,2,-1,1,2,0
44,-1,1,-1,1,0,0
45,-2,-2,-1,1,-4,0
46,-1,-1,2,1,-2,3
47,-1,-1,-2,1,-2,-1
48,-1,-1,-1,1,-2,0
49,-1,-1,-1,1,-2,0
50,0,2,2,1,2,3
51,0,1,1,1,1,2
52,1,1,1,1,2,2
53,1,1,1,-2,2,-1
54,2,1,1,-1,3,0
55,2,-2,1,-1,0,0
56,1,-1,-2,-1,0,-3
57,1,-1,-1,-1,0,-2
58,0,-1,2,-1,-1,1
59,0,-1,1,-1,-1,0
60,1,-1,1,-1,0,0
61,0,-1,1,-1,-1,0
62,2,-1,1,-1,1,0
63,0,-1,-2,-1,-1,-3
64,0,-1,-1,-1,-1,-2
65,0,-1,-1,-1,-1,-2
66,-1,-1,-1,2,-2,1
67,0,-1,-1,1,-1,0
68,-2,-1,-1,1,-3,0
69,-2,-1,-1,1,-3,0
70,-2,-1,-1,1,-3,0
71,-1,-1,-1,1,-2,0
72,0,2,2,1,2,3
73,0,1,1,1,1,2
74,0,1,1,1,1,2
75,1,1,1,1,2,2
76,1,1,-2,1,2,-1
77,1,1,-1,1,2,0
78,0,1,-1,1,1,0
79,0,1,2,1,1,3
80,1,-2,1,1,-1,2
81,1,-1,1,-2,0,-1
82,2,2,1,-1,4,0
83,2,1,1,-1,3,0
84,2,1,-2,-1,3,-3
85,1,1,-1,-1,2,-2
86,1,1,2,-1,2,1
87,0,1,1,-1,1,0
88,0,1,-2,-1,1,-3
89,0,-2,-1,-1,-2,-2
90,0,-1,-1,2,-1,1
91,0,-1,-1,1,-1,0
92,-2,-1,-1,1,-3,0
93,0,-1,2,1,-1,3
94,0,-1,1,1,-1,2
95,0,2,1,1,2,2
96,0,-2,1,1,-2,2
97,0,-1,-2,1,-1,-1
98,0,2,-1,1,2,0
99,0,-2,2,1,-2,3
100,0,-1,1,-2,-1,-1
101,0,-1,-2,2,-1,0
102,0,-1,-1,1,-1,0
103,0,2,2,1,2,3
104,0,1,-2,1,1,-1
105,-1,-2,-1,1,-3,0
106,-1,-1,-1,1,-2,0
107,0,-1,2,1,-1,3
108,0,2,1,1,2,2
109,0,1,1,1,1,2
110,0,1,1,1,1,2
111,2,1,1,1,3,2
112,0,1,-2,1,1,-1
113,0,1,2,1,1,3
114,0,1,1,1,1,2
115,0,1,-2,1,1,-1
116,-1,-2,-1,1,-3,0
117,0,-1,-1,1,-1,0
118,0,-1,-1,1,-1,0
119,-2,-1,-1,1,-3,0
120,-2,-1,-1,1,-3,0
121,-2,2,-1,1,0,0
122,-2,1,-1,1,-1,0
123,-2,1,-1,1,-1,0
124,-1,1,2,1,0,3
125,0,1,1,1,1,2
126,0,1,1,1,1,2
127,0,1,-2,1,1,-1
128,0,1,-1,1,1,0
129,0,1,-1,1,1,0
130,-1,1,-1,1,0,0
131,-2,-2,-1,1,-4,0
132,-1,-1,-1,1,-2,0
133,-1,-1,-1,1,-2,0
134,-1,-1,-1,1,-2,0
135,0,2,2,1,2,3
136,0,1,-2,1,1,-1
137,1,-2,2,-2,-1,0
138,0,-1,1,-1,-1,0
139,2,-1,1,-1,1,0
140,0,2,-2,-1,2,-3
141,0,1,-1,-1,1,-2
142,0,1,-1,-1,1,-2
143,0,1,-1,-1,1,-2
144,0,1,-1,-1,1,-2
145,0,1,2,-1,1,1
146,0,1,1,-1,1,0
147,1,-2,1,-1,-1,0
148,1,2,1,-1,3,0
149,1,1,1,-1,2,0
150,2,1,1,-1,3,0
151,0,1,-2,-1,1,-3
152,0,1,2,-1,1,1
153,0,-2,1,-1,-2,0
154,0,2,1,-1,2,0
155,0,1,1,-1,1,0
156,0,-2,1,-1,-2,0
157,0,-1,-2,-1,-1,-3
158,-1,2,-1,-1,1,-2
159,-1,-2,-1,2,-3,1
160,0,-1,-1,1,-1,0
161,0,-1,2,1,-1,3
162,-1,-1,-2,1,-2,-1
163,-1,-1,2,1,-2,3
164,0,-1,-2,1,-1,-1
165,0,2,-1,1,2,0
166,0,1,2,1,1,3
167,0,1,1,1,1,2
168,2,1,1,1,3,2
169,2,-2,1,-2,0,-1
170,2,-1,1,-1,1,0
171,1,2,-2,-1,3,-3
172,1,1,2,-1,2,1
173,0,1,-2,-1,1,-3
174,0,1,2,-1,1,1
175,0,1,1,-1,1,0
176,0,1,1,-1,1,0
177,1,1,1,-1,2,0
178,1,-2,1,-1,-1,0
179,1,-1,1,-1,0,0
180,0,-1,1,-1,-1,0
181,0,2,-2,-1,2,-3
182,0,1,-1,-1,1,-2
183,0,1,-1,-1,1,-2
184,-2,1,-1,2,-1,1
185,-1,1,-1,1,0,0
186,0,1,-1,1,1,0
187,-1,1,-1,1,0,0
188,-1,-2,-1,1,-3,0
189,0,-1,-1,1,-1,0
190,-2,2,-1,1,0,0
191,-2,1,-1,1,-1,0
192,-2,1,-1,1,-1,0
193,-2,-2,-1,1,-4,0
194,-1,-1,-1,1,-2,0
195,-1,-1,-1,1,-2,0
196,-2,-1,-1,1,-3,0
197,-1,-1,-1,1,-2,0
198,0,-1,-1,1,-1,0
199,0,-1,2,1,-1,3
200,0,-1,1,1,-1,2
201,0,2,1,1,2,2
202,0,-2,1,1,-2,2
203,2,-1,1,-2,1,-1
204,2,-1,1,-1,1,0
205,2,2,1,-1,4,0
206,2,1,1,-1,3,0
207,1,1,-2,-1,2,-3
208,1,1,-1,-1,2,-2
209,0,1,-1,-1,1,-2
210,0,1,-1,-1,1,-2
211,-2,-2,-1,-1,-4,-2
212,-2,-1,-1,-1,-3,-2
213,-2,-1,-1,-1,-3,-2
214,0,-1,2,-1,-1,1
215,1,-1,1,-1,0,0
216,0,-1,1,-1,-1,0
217,1,-1,1,-1,0,0
218,1,2,1,-1,3,0
219,0,1,-2,-1,1,-3
220,0,1,2,-1,1,1
221,0,1,-2,-1,1,-3
222,0,1,2,-1,1,1
223,0,1,-2,-1,1,-3
224,-1,1,-1,-1,0,-2
225,0,1,2,-1,1,1
226,0,1,-2,-1,1,-3
227,1,-2,2,-1,-1,1
228,1,-1,1,-1,0,0
229,2,-1,1,-1,1,0
230,2,-1,1,-1,1,0
231,1,-1,-2,-1,0,-3
232,2,2,2,-1,4,1
233,2,1,1,-1,3,0
234,0,1,1,-1,1,0
235,0,1,1,-1,1,0
236,0,-2,-2,-1,-2,-3
237,0,-1,-1,-1,-1,-2
238,0,-1,2,-1,-1,1
239,0,-1,-2,-1,-1,-3
240,0,-1,-1,-1,-1,-2
241,-2,2,-1,2,0,1
242,0,1,2,1,1,3
243,0,1,-2,1,1,-1
244,0,1,-1,1,1,0
245,0,1,-1,1,1,0
246,0,1,-1,1,1,0
247,0,1,2,1,1,3
248,-1,1,-2,1,0,-1
249,0,1,2,1,1,3
250,2,1,1,1,3,2
251,0,1,-2,1,1,-1
252,0,1,2,1,1,3
253,0,1,-2,1,1,-1
254,0,1,2,1,1,3
255,1,-2,1,-2,-1,-1
256,0,-1,1,-1,-1,0
257,0,-1,-2,-1,-1,-3
258,0,-1,-1,-1,-1,-2
259,1,-1,2,-1,0,1
260,2,-1,1,-1,1,0
261,1,2,1,-1,3,0
262,2,1,1,-1,3,0
263,2,1,1,-1,3,0
264,2,1,1,-1,3,0
265,2,1,1,-1,3,0
266,1,1,1,-1,2,0
267,1,1,-2,-1,2,-3
268,0,1,-1,-1,1,-2
269,0,1,-1,-1,1,-2
270,0,1,-1,-1,1,-2
271,0,1,2,-1,1,1
272,0,1,1,-1,1,0
273,0,1,1,2,1,3
274,0,1,1,1,1,2
275,2,-2,1,-2,0,-1
276,2,2,1,-1,4,0
277,2,1,1,-1,3,0
278,2,1,1,-1,3,0
279,2,1,1,-1,3,0
280,2,-2,1,-1,0,0
281,0,-1,-2,-1,-1,-3
282,0,-1,-1,-1,-1,-2
283,0,-1,-1,-1,-1,-2
284,0,-1,2,-1,-1,1
285,-1,-1,-2,2,-2,0
286,-2,-1,-1,1,-3,0
287,0,-1,2,1,-1,3
288,0,-1,-2,1,-1,-1
289,0,2,-1,1,2,0
290,0,1,-1,1,1,0
291,0,1,2,1,1,3
292,0,1,1,1,1,2
293,0,-2,1,1,-2,2
294,2,2,1,-2,4,-1
295,2,1,1,-1,3,0
296,1,1,1,-1,2,0
297,0,1,-2,-1,1,-3
298,0,1,-1,2,1,1
299,-1,-2,-1,1,-3,0
300,-2,-1,-1,1,-3,0
301,0,-1,2,1,-1,3
302,-2,-1,-2,1,-3,-1
303,-1,-1,-1,1,-2,0
304,0,-1,-1,1,-1,0
305,0,-1,2,1,-1,3
306,0,-1,1,1,-1,2
307,0,-1,1,1,-1,2
308,0,-1,-2,1,-1,-1
309,0,2,-1,1,2,0
310,0,1,2,1,1,3
311,0,1,-2,1,1,-1
312,0,1,2,1,1,3
313,0,-2,1,1,-2,2
314,1,-1,1,-2,0,-1
315,2,2,1,-1,4,0
316,1,1,1,-1,2,0
317,1,1,1,-1,2,0
318,2,1,1,-1,3,0
319,0,1,-2,-1,1,-3
320,0,1,-1,-1,1,-2
321,0,1,2,-1,1,1
322,0,1,-2,-1,1,-3
323,0,1,2,-1,1,1
324,0,-2,1,-1,-2,0
325,0,-1,1,-1,-1,0
326,0,-1,-2,-1,-1,-3
327,0,-1,-1,2,-1,1
328,0,-1,-1,1,-1,0
329,-1,2,-1,1,1,0
330,-2,-2,-1,1,-4,0
331,-1,-1,-1,1,-2,0
332,0,-1,2,1,-1,3
333,0,-1,1,1,-1,2
334,0,-1,-2,1,-1,-1
335,0,-1,-1,1,-1,0
336,0,-1,-1,1,-1,0
337,-1,-1,-1,1,-2,0
338,-1,-1,2,1,-2,3
339,-2,-1,-2,1,-3,-1
340,-1,-1,-1,1,-2,0
341,-2,-1,-1,1,-3,0
342,-2,-1,-1,1,-3,0
343,-2,2,-1,1,0,0
344,-2,1,-1,1,-1,0
345,-1,1,2,1,0,3
346,-1,1,-2,1,0,-1
347,0,1,-1,1,1,0
348,0,-2,-1,1,-2,0
349,0,2,-1,1,2,0
350,0,1,2,1,1,3
351,-1,1,-2,1,0,-1
352,-1,1,-1,1,0,0
353,-1,-2,-1,1,-3,0
354,0,-1,2,1,-1,3
355,0,-1,1,1,-1,2
356,0,-1,-2,1,-1,-1
357,0,-1,-1,1,-1,0
358,0,-1,-1,1,-1,0
359,0,-1,-1,1,-1,0
360,-2,-1,-1,1,-3,0
361,0,2,2,-2,2,0
362,0,1,1,-1,1,0
363,0,1,-2,-1,1,-3
364,0,1,-1,-1,1,-2
365,0,1,-1,-1,1,-2
366,0,1,-1,-1,1,-2
367,-2,1,-1,-1,-1,-2
368,0,1,2,-1,1,1
369,0,1,-2,-1,1,-3
370,0,1,2,-1,1,1
371,0,1,1,-1,1,0
372,0,1,1,-1,1,0
373,1,1,1,-1,2,0
374,0,1,1,-1,1,0
375,0,1,-2,-1,1,-3
376,0,-2,-1,-1,-2,-2
377,0,-1,-1,-1,-1,-2
378,0,-1,-1,-1,-1,-2
379,-2,-1,-1,-1,-3,-2
380,-2,-1,-1,2,-3,1
381,-2,-1,-1,1,-3,0
382,-2,-1,-1,1,-3,0
383,-2,2,-1,1,0,0
384,-2,1,-1,1,-1,0
385,-2,1,-1,1,-1,0
386,-2,1,-1,1,-1,0
387,-2,1,-1,1,-1,0
388,-2,1,-1,1,-1,0
389,-2,1,-1,1,-1,0
390,-1,1,-1,1,0,0
391,-1,1,-1,1,0,0
392,-1,1,-1,1,0,0
393,0,1,2,1,1,3
394,0,-2,-2,1,-2,-1
395,1,-1,2,1,0,3
396,1,2,1,-2,3,-1
397,2,1,1,-1,3,0
398,0,-2,-2,-1,-2,-3
399,0,-1,-1,-1,-1,-2
400,0,-1,-1,-1,-1,-2
401,0,-1,-1,-1,-1,-2
402,0,-1,2,-1,-1,1
403,0,-1,-2,-1,-1,-3
404,0,2,-1,-1,2,-2
405,0,1,-1,-1,1,-2
406,0,1,-1,-1,1,-2
407,0,1,2,-1,1,1
408,0,-2,1,-1,-2,0
409,0,2,-2,-1,2,-3
410,0,1,2,-1,1,1
411,0,1,-2,-1,1,-3
412,0,1,-1,-1,1,-2
413,0,1,-1,-1,1,-2
414,-2,1,-1,-1,-1,-2
415,0,1,2,-1,1,1
416,0,1,-2,-1,1,-3
417,0,-2,2,-1,-2,1
418,0,-1,1,-1,-1,0
419,0,-1,-2,-1,-1,-3
420,0,2,-1,-1,2,-2
421,-1,-2,-1,2,-3,1
422,-1,-1,-1,1,-2,0
423,-2,-1,-1,1,-3,0
424,0,-1,2,1,-1,3
425,0,2,1,1,2,2
426,0,1,1,-2,1,-1
427,2,1,1,-1,3,0
428,1,1,1,-1,2,0
429,0,-2,-2,-1,-2,-3
430,0,2,2,-1,2,1
431,0,1,1,-1,1,0
432,0,-2,1,-1,-2,0
433,0,-1,1,-1,-1,0
434,0,-1,-2,-1,-1,-3
435,1,-1,2,-1,0,1
436,0,-1,-2,-1,-1,-3
437,0,2,-1,-1,2,-2
438,0,1,-1,-1,1,-2
439,-1,1,-1,-1,0,-2
440,0,1,-1,2,1,1
441,-2,-2,-1,1,-4,0
442,-2,-1,-1,1,-3,0
443,0,-1,2,-2,-1,0
444,0,2,1,-1,2,0
445,0,1,1,-1,1,0
446,0,-2,-2,-1,-2,-3
447,0,-1,-1,-1,-1,-2
448,0,-1,2,-1,-1,1
449,0,-1,1,-1,-1,0
450,0,-1,1,-1,-1,0
451,0,-1,1,-1,-1,0
452,1,-1,1,-1,0,0
453,1,-1,1,-1,0,0
454,1,-1,1,-1,0,0
455,2,-1,1,-1,1,0
456,0,-1,1,-1,-1,0
457,0,-1,-2,-1,-1,-3
458,0,-1,-1,-1,-1,-2
459,0,-1,-1,2,-1,1
460,-2,-1,-1,1,-3,0
461,-2,-1,-1,1,-3,0
462,-2,-1,-1,1,-3,0
463,-2,-1,-1,1,-3,0
464,-1,-1,2,1,-2,3
465,0,2,1,1,2,2
466,0,1,1,1,1,2
467,1,1,1,1,2,2
468,0,1,1,1,1,2
469,0,-2,-2,1,-2,-1
470,0,2,-1,1,2,0
471,0,1,-1,1,1,0
472,0,-2,-1,1,-2,0
473,-1,2,-1,1,1,0
474,0,1,-1,1,1,0
475,0,-2,-1,1,-2,0
476,-2,-1,-1,1,-3,0
477,0,-1,2,1,-1,3
478,0,-1,1,-2,-1,-1
479,2,-1,1,-1,1,0
480,2,-1,1,-1,1,0
481,1,-1,1,-1,0,0
482,0,-1,-2,-1,-1,-3
483,1,2,2,-1,3,1
484,0,1,-2,-1,1,-3
485,0,-2,-1,-1,-2,-2
486,-1,-1,-1,-1,-2,-2
487,0,-1,-1,-1,-1,-2
488,0,-1,-1,2,-1,1
489,-1,-1,2,1,-2,3
490,0,-1,1,-2,-1,-1
491,0,-1,-2,2,-1,0
492,0,-1,-1,1,-1,0
493,0,-1,-1,1,-1,0
494,0,-1,2,1,-1,3
495,-1,2,-2,1,1,-1
496,0,-2,2,1,-2,3
497,0,2,-2,1,2,-1
498,0,-2,2,1,-2,3
499,0,-1,1,-2,-1,-1
500,0,-1,-2,-1,-1,-3
501,1,-1,2,-1,0,1
502,0,2,-2,-1,2,-3
503,0,1,-1,-1,1,-2
504,0,1,-1,-1,1,-2
505,0,-2,-1,2,-2,1
506,0,-1,-1,1,-1,0
507,-1,2,2,1,1,3
508,0,1,1,-2,1,-1
509,0,1,1,-1,1,0
510,0,1,-2,2,1,0
511,0,-2,-1,1,-2,0
512,0,-1,2,-2,-1,0
513,0,2,-2,2,2,0
514,0,-2,2,-2,-2,0
515,0,2,1,-1,2,0
516,0,1,1,-1,1,0
517,0,1,-2,-1,1,-3
518,0,1,-1,-1,1,-2
519,0,-2,2,-1,-2,1
520,0,-1,1,-1,-1,0
521,2,-1,1,-1,1,0
522,2,-1,1,-1,1,0
523,2,2,1,-1,4,0
524,0,1,-2,-1,1,-3
525,0,1,-1,2,1,1
526,0,1,-1,1,1,0
527,-1,1,-1,1,0,0
528,-1,1,-1,1,0,0
529,-1,1,2,1,0,3
530,0,1,1,1,1,2
531,1,1,1,1,2,2
532,0,1,-2,1,1,-1
533,0,1,-1,1,1,0
534,0,1,2,1,1,3
535,0,1,-2,1,1,-1
536,-1,1,-1,1,0,0
537,-1,1,-1,1,0,0
538,-1,-2,-1,1,-3,0
539,0,-1,2,1,-1,3
540,-1,-1,1,1,-2,2
541,1,-1,1,-2,0,-1
542,0,2,1,-1,2,0
543,0,1,1,-1,1,0
544,1,1,1,-1,2,0
545,1,1,1,-1,2,0
546,0,1,-2,-1,1,-3
547,0,1,-1,-1,1,-2
548,0,1,2,-1,1,1
549,0,1,-2,-1,1,-3
550,0,1,-1,-1,1,-2
551,-2,-2,-1,2,-4,1
552,-1,-1,-1,1,-2,0
553,0,-1,2,1,-1,3
554,-1,2,-2,1,1,-1
555,0,1,2,1,1,3
556,0,1,1,1,1,2
557,0,1,-2,1,1,-1
558,1,1,2,1,2,3
559,0,-2,1,-2,-2,-1
560,0,-1,-2,-1,-1,-3
561,1,-1,2,-1,0,1
562,1,2,1,-1,3,0
563,1,1,1,-1,2,0
564,0,1,1,-1,1,0
565,0,1,-2,-1,1,-3
566,0,-2,-1,-1,-2,-2
567,-2,-1,-1,2,-3,1
568,-1,-1,-1,1,-2,0
569,-2,-1,-1,1,-3,0
570,-2,-1,-1,1,-3,0
571,-2,-1,-1,1,-3,0
572,-2,-1,-1,1,-3,0
573,-1,2,-1,1,1,0
574,-2,1,-1,1,-1,0
575,-2,1,2,1,-1,3
576,-2,1,-2,1,-1,-1
577,1,1,2,1,2,3
578,2,1,1,-2,3,-1
579,1,1,1,-1,2,0
580,1,1,1,-1,2,0
581,0,1,-2,-1,1,-3
582,0,1,-1,-1,1,-2
583,0,1,-1,-1,1,-2
584,0,1,-1,-1,1,-2
585,0,1,-1,-1,1,-2
586,-1,1,-1,2,0,1
587,0,-2,2,-2,-2,0
588,1,-1,1,-1,0,0
589,0,-1,1,-1,-1,0
590,0,-1,1,-1,-1,0
591,1,-1,1,-1,0,0
592,0,-1,1,-1,-1,0
593,0,-1,-2,-1,-1,-3
594,0,-1,-1,-1,-1,-2
595,0,-1,-1,-1,-1,-2
596,-2,2,-1,2,0,1
597,-1,1,-1,1,0,0
598,-2,1,-1,1,-1,0
599,0,1,-1,1,1,0
600,0,-2,2,-2,-2,0
601,0,-1,1,-1,-1,0
602,0,-1,1,-1,-1,0
603,0,-1,-2,-1,-1,-3
604,0,2,-1,2,2,1
605,0,1,-1,1,1,0
606,-2,-2,-1,1,-4,0
607,-1,-1,-1,1,-2,0
608,-2,-1,-1,1,-3,0
609,-2,-1,2,1,-3,3
610,-2,-1,-2,1,-3,-1
611,0,2,2,1,2,3
612,1,1,1,1,2,2
613,0,1,-2,1,1,-1
614,0,1,-1,1,1,0
615,0,1,-1,1,1,0
616,0,1,-1,1,1,0
617,0,1,2,1,1,3
618,-2,-2,-2,1,-4,-1
619,-2,-1,-1,1,-3,0
620,0,-1,-1,1,-1,0
621,-1,2,-1,1,1,0
622,-1,1,-1,1,0,0
623,-2,1,-1,1,-1,0
624,-2,1,-1,1,-1,0
625,-2,1,-1,1,-1,0
626,-2,1,-1,1,-1,0
627,-2,1,-1,1,-1,0
628,0,1,2,1,1,3
629,-1,1,-2,1,0,-1
630,0,1,-1,1,1,0
631,-1,1,-1,1,0,0
632,0,1,-1,1,1,0
633,0,1,2,1,1,3
634,0,1,1,-2,1,-1
635,2,1,1,-1,3,0
636,2,1,1,-1,3,0
637,2,1,-2,-1,3,-3
638,1,1,-1,-1,2,-2
639,0,-2,-1,-1,-2,-2
640,0,-1,-1,-1,-1,-2
641,-1,2,-1,-1,1,-2
642,-2,-2,-1,-1,-4,-2
643,-2,-1,-1,-1,-3,-2
644,0,2,2,-1,2,1
645,1,1,1,-1,2,0
646,2,1,1,-1,3,0
647,2,-2,1,-1,0,0
648,2,-1,1,-1,1,0
649,1,-1,-2,-1,0,-3
650,1,-1,-1,-1,0,-2
651,0,-1,-1,-1,-1,-2
652,0,-1,2,-1,-1,1
653,0,2,1,-1,2,0
654,0,-2,1,-1,-2,0
655,0,-1,-2,-1,-1,-3
656,0,-1,-1,-1,-1,-2
657,-1,2,-1,-1,1,-2
658,-2,-2,-1,2,-4,1
659,-2,-1,-1,1,-3,0
660,0,-1,2,1,-1,3
661,0,2,1,1,2,2
662,0,1,1,1,1,2
663,2,1,1,1,3,2
664,1,1,-2,1,2,-1
665,1,1,-1,1,2,0
666,1,1,2,-2,2,0
667,0,1,-2,2,1,0
668,0,-2,-1,1,-2,0
669,0,-1,-1,1,-1,0
670,0,-1,-1,1,-1,0
671,0,-1,-1,1,-1,0
672,-2,-1,-1,1,-3,0
673,-2,-1,-1,1,-3,0
674,-1,-1,2,1,-2,3
675,-2,2,-2,1,0,-1
676,-2,-2,-1,1,-4,0
677,-2,-1,-1,1,-3,0
678,-2,-1,-1,1,-3,0
679,-1,2,-1,1,1,0
680,-1,1,2,1,0,3
681,0,1,1,1,1,2
682,0,1,1,1,1,2
683,0,1,-2,1,1,-1
684,2,1,2,1,3,3
685,0,1,-2,1,1,-1
686,0,1,2,-2,1,0
687,0,1,1,-1,1,0
688,0,1,-2,-1,1,-3
689,0,-2,2,-1,-2,1
690,0,-1,-2,-1,-1,-3
691,0,-1,-1,-1,-1,-2
692,-2,-1,-1,-1,-3,-2
693,0,-1,-1,-1,-1,-2
694,0,-1,-1,-1,-1,-2
695,0,-1,-1,-1,-1,-2
696,0,-1,2,-1,-1,1
697,0,-1,1,-1,-1,0
698,0,-1,-2,-1,-1,-3
699,0,-1,-1,-1,-1,-2
700,1,-1,2,-1,0,1
701,1,2,1,-1,3,0
702,1,1,1,-1,2,0
703,1,1,1,-1,2,0
704,2,1,1,-1,3,0
705,2,1,1,-1,3,0
706,2,1,1,-1,3,0
707,2,-2,1,-1,0,0
708,2,-1,1,-1,1,0
709,2,-1,1,-1,1,0
710,2,-1,-2,-1,1,-3
711,0,-1,-1,-1,-1,-2
712,-1,-1,-1,-1,-2,-2
713,-1,-1,-1,-1,-2,-2
714,-2,2,-1,-1,0,-2
715,-1,-2,-1,-1,-3,-2
716,-1,-1,-1,2,-2,1
717,0,-1,-1,1,-1,0
718,-1,-1,-1,1,-2,0
719,-2,2,-1,1,0,0
720,0,1,2,1,1,3
721,0,-2,1,1,-2,2
722,1,-1,1,1,0,2
723,1,-1,1,-2,0,-1
724,2,2,1,-1,4,0
725,2,1,1,-1,3,0
726,2,1,1,-1,3,0
727,2,1,1,-1,3,0
728,2,1,1,-1,3,0
729,2,1,1,-1,3,0
730,1,1,-2,-1,2,-3
731,1,1,2,-1,2,1
732,1,1,1,-1,2,0
733,1,1,1,-1,2,0
734,0,1,1,-1,1,0
735,0,-2,-2,-1,-2,-3
736,0,-1,-1,-1,-1,-2
737,0,-1,2,2,-1,4
738,0,-1,1,1,-1,2
739,0,-1,1,1,-1,2
740,2,-1,1,-2,1,-1
741,0,2,1,-1,2,0
742,1,1,1,-1,2,0
743,1,1,1,-1,2,0
744,1,1,1,-1,2,0
745,0,1,1,2,1,3
746,0,1,1,-2,1,-1
747,1,-2,-2,2,-1,0
748,0,2,-1,1,2,0
749,0,-2,-1,1,-2,0
750,-1,-1,-1,1,-2,0
751,-1,-1,-1,1,-2,0
752,-2,-1,-1,1,-3,0
753,-2,-1,-1,1,-3,0
754,-2,-1,-1,1,-3,0
755,-1,-1,-1,1,-2,0
756,0,2,-1,1,2,0
757,-2,1,-1,1,-1,0
758,0,1,2,1,1,3
759,0,1,1,1,1,2
760,0,1,1,1,1,2
761,0,-2,1,1,-2,2
762,0,-1,-2,1,-1,-1
763,1,-1,2,1,0,3
764,0,-1,-2,1,-1,-1
765,0,-1,2,1,-1,3
766,0,-1,1,1,-1,2
767,0,-1,1,1,-1,2
768,0,-1,-2,1,-1,-1
769,0,-1,2,1,-1,3
770,1,-1,1,-2,0,-1
771,2,2,1,-1,4,0
772,2,1,1,-1,3,0
773,2,1,1,-1,3,0
774,2,1,1,-1,3,0
775,2,-2,1,-1,0,0
776,2,-1,1,-1,1,0
777,1,-1,1,-1,0,0
778,0,-1,-2,-1,-1,-3
779,0,-1,-1,-1,-1,-2
780,1,-1,2,-1,0,1
781,0,-1,1,-1,-1,0
782,0,-1,1,-1,-1,0
783,0,2,1,-1,2,0
784,2,1,1,-1,3,0
785,2,1,1,-1,3,0
786,0,1,1,-1,1,0
787,0,-2,-2,-1,-2,-3
788,0,-1,-1,2,-1,1
789,0,-1,-1,1,-1,0
790,-1,-1,2,1,-2,3
791,0,-1,1,1,-1,2
792,0,-1,1,1,-1,2
793,2,2,1,1,4,2
794,2,1,1,1,3,2
795,1,1,1,1,2,2
796,1,1,-2,1,2,-1
797,0,1,-1,1,1,0
798,0,-2,-1,1,-2,0
799,-2,2,-1,1,0,0
800,0,1,-1,1,1,0
801,-1,1,-1,1,0,0
802,-1,-2,-1,1,-3,0
803,-2,-1,-1,1,-3,0
804,0,-1,2,1,-1,3
805,0,-1,1,1,-1,2
806,-1,-1,-2,1,-2,-1
807,-1,-1,-1,1,-2,0
808,0,-1,-1,1,-1,0
809,0,2,2,1,2,3
810,0,1,1,1,1,2
811,0,1,1,1,1,2
812,0,1,-2,1,1,-1
813,1,1,-1,1,2,0
814,1,1,2,-2,2,0
815,0,1,1,-1,1,0
816,0,1,1,-1,1,0
817,0,1,-2,-1,1,-3
818,2,-2,-1,-1,0,-2
819,0,2,-1,-1,2,-2
820,-1,-2,-1,2,-3,1
821,-2,-1,-1,1,-3,0
822,-2,-1,-1,1,-3,0
823,-2,-1,-1,1,-3,0
824,-2,-1,-1,1,-3,0
825,0,-1,2,1,-1,3
826,0,2,1,1,2,2
827,2,1,1,1,3,2
828,2,1,1,-2,3,-1
829,2,1,1,-1,3,0
830,2,1,1,-1,3,0
831,2,1,-2,-1,3,-3
832,2,1,-1,-1,3,-2
833,0,1,-1,-1,1,-2
834,0,1,2,-1,1,1
835,-1,-2,-2,-1,-3,-3
836,-1,-1,-1,-1,-2,-2
837,0,-1,-1,2,-1,1
838,-2,-1,-1,1,-3,0
839,-1,-1,-1,1,-2,0
840,-2,-1,-1,1,-3,0
841,-2,-1,-1,1,-3,0
842,0,2,2,1,2,3
843,0,1,1,1,1,2
844,0,1,1,1,1,2
845,0,1,-2,1,1,-1
846,0,1,2,1,1,3
847,1,1,1,1,2,2
848,0,1,-2,1,1,-1
849,0,-2,-1,1,-2,0
850,0,-1,-1,1,-1,0
851,0,-1,2,-2,-1,0
852,0,-1,1,-1,-1,0
853,0,-1,1,-1,-1,0
854,1,-1,1,-1,0,0
855,1,-1,1,-1,0,0
856,2,2,1,-1,4,0
857,1,1,1,-1,2,0
858,2,1,1,-1,3,0
859,2,1,1,-1,3,0
860,0,1,-2,-1,1,-3
861,0,1,-1,-1,1,-2
862,0,-2,2,-1,-2,1
863,0,-1,1,-1,-1,0
864,0,-1,-2,-1,-1,-3
865,0,2,-1,-1,2,-2
866,0,1,-1,-1,1,-2
867,0,1,-1,-1,1,-2
868,0,-2,2,-1,-2,1
869,0,2,1,-1,2,0
870,2,1,1,-1,3,0
871,2,1,1,-1,3,0
872,0,1,1,-1,1,0
873,1,-2,1,-1,-1,0
874,0,-1,-2,-1,-1,-3
875,0,-1,-1,-1,-1,-2
876,0,-1,2,-1,-1,1
877,0,-1,1,-1,-1,0
878,0,-1,1,-1,-1,0
879,0,-1,-2,2,-1,0
880,0,-1,-1,1,-1,0
881,1,-1,-1,1,0,0
882,0,2,-1,1,2,0
883,-1,1,-1,1,0,0
884,0,-2,-1,1,-2,0
885,0,-1,2,1,-1,3
886,0,-1,1,1,-1,2
887,-2,2,-2,1,0,-1
888,0,-2,-1,1,-2,0
889,0,2,2,1,2,3
890,0,-2,-2,1,-2,-1
891,0,-1,2,1,-1,3
892,0,2,1,1,2,2
893,1,1,1,1,2,2
894,0,1,1,1,1,2
895,0,1,1,1,1,2
896,2,1,1,-2,3,-1
897,2,1,1,-1,3,0
898,2,1,1,-1,3,0
899,1,-2,1,-1,-1,0
900,2,-1,1,-1,1,0
901,0,-1,-2,-1,-1,-3
902,1,-1,2,-1,0,1
903,0,-1,1,-1,-1,0
904,0,-1,-2,-1,-1,-3
905,0,-1,2,-1,-1,1
906,0,-1,1,-1,-1,0
907,2,-1,1,-1,1,0
908,0,-1,1,-1,-1,0
909,1,-1,1,-1,0,0
910,2,2,1,-1,4,0
911,2,1,1,-1,3,0
912,1,1,1,-1,2,0
913,2,1,1,-1,3,0
914,2,1,1,-1,3,0
915,1,1,1,-1,2,0
916,1,1,1,-1,2,0
917,0,-2,-2,-1,-2,-3
918,2,-1,2,-1,1,1
919,0,-1,-2,2,-1,0
920,0,-1,2,1,-1,3
921,0,2,1,1,2,2
922,0,1,-2,1,1,-1
923,0,1,2,1,1,3
924,0,1,-2,1,1,-1
925,0,1,-1,1,1,0
926,0,1,2,1,1,3
927,0,1,1,1,1,2
928,0,1,1,1,1,2
929,0,-2,1,1,-2,2
930,0,-1,1,1,-1,2
931,2,-1,1,1,1,2
932,0,2,-2,1,2,-1
933,2,-2,2,1,0,3
934,1,-1,1,1,0,2
935,1,2,1,-2,3,-1
936,1,1,1,-1,2,0
937,0,1,-2,-1,1,-3
938,0,1,-1,-1,1,-2
939,0,1,-1,2,1,1
940,0,1,-1,1,1,0
941,-2,1,-1,1,-1,0
942,-2,1,-1,1,-1,0
943,0,1,-1,1,1,0
944,0,1,-1,1,1,0
945,0,1,2,1,1,3
946,0,-2,-2,1,-2,-1
947,0,-1,-1,1,-1,0
948,0,-1,2,1,-1,3
949,0,-1,1,1,-1,2
950,0,-1,1,1,-1,2
951,0,-1,-2,1,-1,-1
952,2,-1,-1,1,1,0
953,1,-1,2,1,0,3
954,1,-1,1,1,0,2
955,1,-1,1,1,0,2
956,0,-1,-2,1,-1,-1
957,1,-1,2,1,0,3
958,0,-1,-2,1,-1,-1
959,0,-1,2,1,-1,3
960,0,-1,1,1,-1,2
961,0,-1,1,1,-1,2
962,1,-1,1,-2,0,-1
963,0,-1,1,-1,-1,0
964,2,-1,1,-1,1,0
965,2,-1,1,-1,1,0
966,2,-1,1,-1,1,0
967,1,-1,-2,-1,0,-3
968,1,-1,2,-1,0,1
969,1,2,1,-1,3,0
970,0,1,1,-1,1,0
971,2,-2,1,-1,0,0
972,2,2,1,-1,4,0
973,2,1,1,-1,3,0
974,1,1,1,-1,2,0
975,0,1,-2,-1,1,-3
976,0,1,-1,-1,1,-2
977,0,-2,-1,2,-2,1
978,0,2,2,1,2,3
979,0,1,1,-2,1,-1
980,0,1,1,-1,1,0
981,1,1,1,-1,2,0
982,2,1,1,-1,3,0
983,2,1,1,-1,3,0
984,1,1,1,-1,2,0
985,1,1,1,-1,2,0
986,1,1,1,-1,2,0
987,1,1,1,-1,2,0
988,2,1,1,-1,3,0
989,0,-2,-2,-1,-2,-3
990,0,-1,-1,-1,-1,-2
991,0,-1,-1,-1,-1,-2
992,-2,-1,-1,2,-3,1
993,-1,-1,2,1,-2,3
994,0,-1,1,1,-1,2
995,1,2,1,1,3,2
996,0,1,1,1,1,2
997,1,-2,1,1,-1,2
998,2,-1,1,1,1,2
999,2,-1,1,1,1,2
1000,1,2,1,1,3,2
1001,1,1,1,1,2,2
1002,2,1,1,1,3,2
1003,2,1,1,1,3,2
1004,0,1,-2,1,1,-1
1005,0,1,2,1,1,3
1006,1,1,1,1,2,2
1007,0,1,-2,1,1,-1
1008,0,1,-1,1,1,0
1009,0,1,-1,1,1,0
1010,0,1,2,1,1,3
1011,0,1,1,1,1,2
1012,0,1,1,1,1,2
1013,0,1,1,1,1,2
1014,1,1,-2,1,2,-1
1015,1,-2,-1,1,-1,0
1016,0,-1,-1,1,-1,0
1017,0,-1,-1,1,-1,0
1018,-2,-1,-1,1,-3,0
1019,0,-1,2,1,-1,3
1020,0,-1,1,1,-1,2
1021,0,-1,1,1,-1,2
1022,0,-1,-2,1,-1,-1
1023,0,-1,-1,1,-1,0
1024,0,-1,2,1,-1,3
1025,0,-1,1,1,-1,2
1026,0,-1,1,1,-1,2
1027,2,2,1,-2,4,-1
1028,1,1,1,-1,2,0
1029,2,1,1,-1,3,0
1030,2,1,1,-1,3,0
1031,2,1,1,-1,3,0
1032,2,1,1,-1,3,0
1033,1,1,1,-1,2,0
1034,1,1,1,-1,2,0
1035,2,1,1,-1,3,0
1036,2,1,-2,-1,3,-3
1037,0,1,-1,-1,1,-2
1038,0,1,2,-1,1,1
1039,-1,1,1,-1,0,0
1040,0,1,1,2,1,3
1041,0,-2,1,1,-2,2
1042,0,-1,1,1,-1,2
1043,1,-1,1,1,0,2
1044,1,-1,1,1,0,2
1045,0,-1,1,1,-1,2
1046,1,-1,1,1,0,2
1047,1,2,1,1,3,2
1048,0,1,1,1,1,2
1049,2,-2,1,1,0,2
1050,0,-1,1,1,-1,2
1051,0,-1,-2,1,-1,-1
1052,0,-1,2,1,-1,3
1053,0,-1,-2,1,-1,-1
1054,0,-1,2,1,-1,3
1055,0,-1,1,1,-1,2
1056,0,-1,1,1,-1,2
1057,1,-1,1,1,0,2
1058,0,2,1,1,2,2
1059,0,1,-2,1,1,-1
1060,0,1,2,1,1,3
1061,1,1,1,1,2,2
1062,1,1,1,1,2,2
1063,0,1,-2,1,1,-1
1064,0,1,-1,1,1,0
1065,0,1,-1,1,1,0
1066,0,1,-1,1,1,0
1067,-1,1,-1,1,0,0
1068,-1,1,-1,1,0,0
1069,0,-2,2,1,-2,3
1070,1,-1,1,1,0,2
1071,0,-1,-2,1,-1,-1
1072,0,2,-1,1,2,0
1073,0,1,-1,1,1,0
1074,0,1,-1,1,1,0
1075,-2,1,-1,1,-1,0
1076,-1,1,-1,1,0,0
1077,-1,1,-1,1,0,0
1078,0,1,2,1,1,3
1079,0,1,-2,1,1,-1
1080,0,-2,2,1,-2,3
1081,1,-1,1,1,0,2
1082,0,-1,1,-2,-1,-1
1083,2,2,1,-1,4,0
1084,2,1,1,-1,3,0
1085,2,1,1,-1,3,0
1086,1,-2,1,-1,-1,0
1087,0,-1,-2,-1,-1,-3
1088,1,-1,2,-1,0,1
1089,0,-1,1,-1,-1,0
1090,0,-1,1,-1,-1,0
1091,0,-1,-2,-1,-1,-3
1092,0,-1,-1,2,-1,1
1093,-2,-1,-1,1,-3,0
1094,-2,-1,-1,1,-3,0
1095,-2,-1,-1,1,-3,0
1096,-1,2,2,1,1,3
1097,-1,1,1,1,0,2
1098,-1,1,-2,1,0,-1
1099,0,1,-1,1,1,0
1100,0,1,-1,1,1,0
1101,0,1,-1,1,1,0
1102,-2,1,-1,1,-1,0
1103,-2,1,-1,1,-1,0
1104,-2,-2,-1,1,-4,0
1105,-2,-1,-1,1,-3,0
1106,-2,-1,-1,1,-3,0
1107,-2,-1,-1,1,-3,0
1108,0,-1,2,1,-1,3
1109,0,2,1,1,2,2
1110,0,1,1,1,1,2
1111,0,1,1,1,1,2
1112,0,1,-2,1,1,-1
1113,1,-2,2,-2,-1,0
1114,0,-1,1,-1,-1,0
1115,0,2,1,-1,2,0
1116,0,-2,1,-1,-2,0
1117,0,-1,1,-1,-1,0
1118,1,-1,1,-1,0,0
1119,1,-1,1,-1,0,0
1120,0,2,-2,-1,2,-3
1121,2,-2,2,-1,0,1
1122,1,-1,1,-1,0,0
1123,2,2,1,-1,4,0
1124,2,1,1,-1,3,0
1125,2,1,1,-1,3,0
1126,2,1,1,-1,3,0
1127,2,1,1,-1,3,0
1128,2,1,1,-1,3,0
1129,1,1,1,-1,2,0
1130,1,1,1,-1,2,0
1131,1,1,1,-1,2,0
1132,1,1,1,-1,2,0
1133,0,1,-2,-1,1,-3
1134,-1,-2,-1,-1,-3,-2
1135,0,-1,-1,-1,-1,-2
1136,-2,-1,-1,-1,-3,-2
1137,0,-1,2,-1,-1,1
1138,0,2,1,-1,2,0
1139,0,-2,-2,-1,-2,-3
1140,0,-1,-1,2,-1,1
1141,0,-1,-1,1,-1,0
1142,0,-1,-1,1,-1,0
1143,-1,-1,-1,1,-2,0
1144,0,-1,2,1,-1,3
1145,0,-1,-2,1,-1,-1
1146,0,2,2,1,2,3
1147,0,1,1,1,1,2
1148,0,-2,1,1,-2,2
1149,2,-1,1,1,1,2
1150,2,2,1,1,4,2
1151,2,1,1,-2,3,-1
1152,2,1,1,-1,3,0
1153,2,1,1,-1,3,0
1154,2,-2,1,-1,0,0
1155,0,-1,-2,-1,-1,-3
1156,0,-1,-1,-1,-1,-2
1157,1,2,2,-1,3,1
1158,0,-2,-2,-1,-2,-3
1159,0,-1,-1,-1,-1,-2
1160,0,-1,-1,2,-1,1
1161,0,-1,-1,1,-1,0
1162,0,-1,2,1,-1,3
1163,-1,-1,-2,1,-2,-1
1164,0,-1,2,1,-1,3
1165,0,-1,-2,1,-1,-1
1166,0,-1,-1,1,-1,0
1167,-1,2,-1,1,1,0
1168,-2,1,-1,1,-1,0
1169,-2,-2,-1,1,-4,0
1170,-2,-1,-1,1,-3,0
1171,-1,-1,2,1,-2,3
1172,0,-1,1,1,-1,2
1173,0,-1,1,1,-1,2
1174,0,-1,-2,1,-1,-1
1175,1,-1,-1,1,0,0
1176,0,-1,-1,1,-1,0
1177,0,-1,2,1,-1,3
1178,0,-1,1,1,-1,2
1179,-1,2,-2,1,1,-1
1180,0,1,-1,1,1,0
1181,-2,1,-1,1,-1,0
1182,0,1,2,1,1,3
1183,0,1,1,1,1,2
1184,-1,1,-2,1,0,-1
1185,0,1,2,1,1,3
1186,0,-2,1,-2,-2,-1
1187,0,-1,1,-1,-1,0
1188,0,2,-2,2,2,0
1189,0,1,-1,1,1,0
1190,0,-2,-1,1,-2,0
1191,0,-1,-1,1,-1,0
1192,-1,2,-1,1,1,0
1193,0,1,-1,1,1,0
1194,1,1,-1,-2,2,-3
1195,1,-2,2,-1,-1,1
1196,1,2,1,-1,3,0
1197,1,1,1,-1,2,0
1198,1,1,1,-1,2,0
1199,2,1,1,-1,3,0
1200,2,1,1,-1,3,0
1201,2,-2,1,-1,0,0
1202,0,-1,1,-1,-1,0
1203,1,-1,-2,-1,0,-3
1204,0,-1,-1,-1,-1,-2
1205,0,-1,2,-1,-1,1
1206,0,-1,1,-1,-1,0
1207,0,-1,1,-1,-1,0
1208,0,-1,-2,-1,-1,-3
1209,-1,2,-1,-1,1,-2
1210,0,-2,2,-1,-2,1
1211,-1,2,-2,2,1,0
1212,0,-2,-1,1,-2,0
1213,0,-1,2,1,-1,3
1214,0,-1,1,1,-1,2
1215,0,-1,1,1,-1,2
1216,0,-1,-2,1,-1,-1
1217,2,2,2,1,4,3
1218,2,1,1,-2,3,-1
1219,2,1,1,-1,3,0
1220,1,-2,1,-1,-1,0
1221,1,-1,1,-1,0,0
1222,2,-1,1,-1,1,0
1223,2,-1,1,-1,1,0
1224,0,-1,1,-1,-1,0
1225,0,-1,-2,-1,-1,-3
1226,0,-1,-1,-1,-1,-2
1227,0,-1,-1,-1,-1,-2
1228,0,-1,-1,-1,-1,-2
1229,-2,-1,-1,-1,-3,-2
1230,0,-1,2,2,-1,4
1231,0,2,-2,1,2,-1
1232,-1,1,-1,1,0,0
1233,-2,-2,-1,1,-4,0
1234,0,-1,-1,1,-1,0
1235,0,-1,2,1,-1,3
1236,-1,-1,1,1,-2,2
1237,0,-1,1,1,-1,2
1238,2,2,1,1,4,2
1239,0,-2,-2,1,-2,-1
1240,-1,-1,-1,1,-2,0
1241,0,-1,-1,1,-1,0
1242,0,-1,2,1,-1,3
1243,-1,-1,-2,1,-2,-1
1244,-1,-1,-1,1,-2,0
1245,-1,-1,-1,1,-2,0
1246,0,2,-1,1,2,0
1247,-2,1,-1,1,-1,0
1248,-2,1,-1,1,-1,0
1249,-2,1,-1,1,-1,0
1250,0,1,2,1,1,3
1251,0,1,1,1,1,2
1252,0,1,1,1,1,2
1253,0,-2,1,1,-2,2
1254,1,-1,1,-2,0,-1
1255,2,-1,1,-1,1,0
1256,2,2,1,-1,4,0
1257,2,1,1,-1,3,0
1258,1,1,-2,-1,2,-3
1259,2,1,2,-1,3,1
1260,1,1,1,-1,2,0
1261,2,1,1,-1,3,0
1262,0,1,-2,-1,1,-3
